---
fi:
  date:
    abbr_day_names:
    - Su
    - Ma
    - Ti
    - Ke
    - To
    - Pe
    - La
    abbr_month_names:
    - 
    - Tammi
    - Helmi
    - Maalis
    - Huhti
    - Touko
    - Kes채
    - Hein채
    - Elo
    - Syys
    - Loka
    - Marras
    - Joulu
    day_names:
    - Sunnuntai
    - Maanantai
    - Tiistai
    - Keskiviikko
    - Torstai
    - Perjantai
    - Lauantai
    month_names:
    - 
    - Tammikuu
    - Helmikuu
    - Maaliskuu
    - Huhtikuu
    - Toukokuu
    - Kes채kuu
    - Hein채kuu
    - Elokuu
    - Syyskuu
    - Lokakuu
    - Marraskuu
    - Joulukuu
